id,firm,city,tier,score,contact_name,title,email,phone,website,linkedin_person,linkedin_company,source,status,first_touch_date,followup1_date,followup2_date,last_reply_date,reply_tag,draft_ids,notes
1,"JCR Inspection Services, Inc.",Glendale,A,6,Juan Carlos Ramos,Owner,juan@jcrinspection.com,818-637-2323,jcrinspection.com,https://www.linkedin.com/in/juan-carlos-ramos-34414827,https://www.linkedin.com/company/jcr-inspection-services-inc,linkedin-doc-2026-09-27;competitor-doc-2026-09-15,drafted,2026-09-27,2026-10-01,2026-10-06,,,r-5534424545138286885,Founded 2003; deputy inspector since 1994. Coordinate email and LinkedIn touches 3+ days apart.
2,SoCal Special Inspections,Garden Grove,A,5,Billy Rath,Founder,brath@socalspecialinspections.com,562-826-4058,socalspecialinspections.com,,,linkedin-doc-2026-09-27;competitor-doc-2026-09-15,drafted,2026-09-27,2026-10-01,2026-10-06,,,r-3222894496348160902,Email from site contact page; VERIFY before use. No LinkedIn profile found.
3,"Elite Special Inspections, Inc.",Downey,A,6,Randy Martinez,Owner / Deputy Special Inspector,EliteDeputy@gmail.com,562-413-8159,elitesafe.net,https://www.linkedin.com/in/elite-special-inspection,https://www.linkedin.com/company/elite-special-inspections,linkedin-doc-2026-09-27;competitor-doc-2026-09-15,drafted,2026-09-27,2026-10-01,2026-10-06,,,r5793266300997331663,"Since 1994. LADBS, LA County, OC, Newport Beach. Residential + commercial structural. Profile branded as company."
4,"K-Special Inspection, Inc.",Long Beach,A,6,Se (Jamie) Shim,Business Owner,kspecialinspection30@gmail.com,213-604-5446,k-specialinspection.com,https://www.linkedin.com/in/se-jamie-shim-36292347,,linkedin-doc-2026-09-27;competitor-doc-2026-09-15,drafted,2026-09-27,2026-10-01,2026-10-06,,,r-4003208264413364786,"Since 1993. LA City/County, Long Beach, OC, San Diego, San Bernardino."
5,"Deputy 1 Inspection Service, Inc.",Irvine,A,4,Chad Brummel,President,,,,https://www.linkedin.com/in/chad-brummel-b4142b165,,linkedin-doc-2026-09-27,new,,,,,,,Email unknown: list builder to find. Do not target Carol Brummel (role ended Sep 2025).
6,"Archuleta Inspections, Inc.",Glendora,A,6,Travis Archuleta,Owner,ArchuletaInspections@gmail.com,626-309-0055,archuletainspections.com,https://www.linkedin.com/in/travis-archuleta-a1a022185,https://www.linkedin.com/company/archuleta-inspections-inc,linkedin-doc-2026-09-27;competitor-doc-2026-09-15,drafted,2026-09-27,2026-10-01,2026-10-06,,,r2856362503666791507,"Founded 1990. Residential/commercial structural mix, FRP, fire. OC approved list 2026."
7,"ERJ Inspections, Inc.",Santa Ana,A,4,Edwin Jimenez,Business Owner,,,,https://www.linkedin.com/in/edwin-jimenez-1a2965196,https://linkedin.com/company/erj-inspection-inc,linkedin-doc-2026-09-27,new,,,,,,,VERIFY profile URL (came from a search summary). Email unknown.
8,"SL Inspection Services, Inc.",Diamond Bar,A,4,Stephen Lai,Owner,sl.inspection@gmail.com,,,,,linkedin-doc-2026-09-27,drafted,2026-09-27,2026-10-01,2026-10-06,,,r7044667218903449950,No LinkedIn match. Email is the path.
9,"Grace Inspection & Testing, Inc.",Cypress,A,4,Wahba Isaac,Owner,,,,https://www.linkedin.com/in/grace-inspection-and-testing-511840276,,linkedin-doc-2026-09-27,new,,,,,,,Profile branded as company. Email unknown. Hiring ICC soils inspectors (Aug 2026).
10,"Axiom Inspection Services, Inc.",Long Beach,A,6,Ray Machado,President / Deputy Inspector,admin@goaxiom.com,562-753-7047,goaxiom.com,https://www.linkedin.com/in/raymundomachado,,linkedin-doc-2026-09-27;competitor-doc-2026-09-15,drafted,2026-09-27,2026-10-01,2026-10-06,,,r-7036352460891086403,"Covers LA City/County, Santa Monica, Long Beach, Glendale, OC."
11,"Magnum Deputy Inspections, Inc.",Pasadena,A,4,Nathan Haley,Owner / Deputy Inspector,,,,https://www.linkedin.com/in/nathan-haley-58626951,https://www.linkedin.com/company/magnum-deputy-inspections-inc.,linkedin-doc-2026-09-27,new,,,,,,,"Veteran-owned, 15+ years LA/OC. Deann Haley listed as CEO in filings. Email unknown."
12,DRL Inspection Services,Huntington Beach,A,4,Darren Lettermam,President and CEO,,,,https://www.linkedin.com/in/darren-lettermam-aaa045125,https://linkedin.com/company/drl-inspection-services,linkedin-doc-2026-09-27,new,,,,,,,Spell surname exactly Lettermam. Email unknown.
13,Sigala Inspection Services Inc.,Downey,A,3,Jose Trinidad Sigala,President,,,,,,linkedin-doc-2026-09-27,new,,,,,,,No profile; do not target Derek Sigala (former employee). Email unknown.
14,"Structural Observation Group, Inc.",Huntington Beach,A,4,John Laramie,Vice President,,,,https://www.linkedin.com/in/john-laramie-647836100,https://linkedin.com/company/structural-observation-group,linkedin-doc-2026-09-27,new,,,,,,,"FIT CHECK: confirm they want outbound leads. Commercial work (South Coast Plaza, Greek Theatre). Email unknown."
15,Advantage Special Inspection Inc.,Alhambra,A,4,George Alonzo,Owner,support@advantagesi.com,,,,,linkedin-doc-2026-09-27,drafted,2026-09-27,2026-10-01,2026-10-06,,,r1032966650171590881,No LinkedIn match. Email is the path.
16,JJ Construction Consulting,Pomona,B,2,,,,,,,,linkedin-doc-2026-09-27,new,,,,,,,Only a Procore listing. FIT CHECK. Lowest priority.
17,Deputy Inspection Service (Richard Roth),Long Beach,A,3,Richard Roth,Inspector / consultant,,,,https://www.linkedin.com/in/richard-roth-92b10716b,,linkedin-doc-2026-09-27,new,,,,,,,"LOCATION MISMATCH flag (profile may show Grants Pass, OR). Sole proprietor. Not Oscar Garcia's firm."
18,Deputy Inspection Services (Oscar Garcia),Pomona,A,4,Oscar E. Garcia,Deputy Inspector / founder,,,deputyinspectionservices.com,https://www.linkedin.com/in/oscar-e-garcia-2203b3129,,linkedin-doc-2026-09-27,new,,,,,,,"Hospitals, schools, public works. COMMON NAME: confirm in-app. Email unknown."
19,Fisher Inspection Services,Northridge,A,5,Matthew Fisher,Vice President,,,,https://www.linkedin.com/in/matthewfisher81,https://linkedin.com/company/fisher-inspection-services,linkedin-doc-2026-09-27,new,,,,,,,LA and Ventura counties. Posts about jobsites (Jordan Downs). Email unknown.
20,Southland Special Inspector,Los Angeles,A,3,,,DeputyInspector@Outlook.com,,southlandspecialinspector.com,,,linkedin-doc-2026-09-27,new,,,,,,,Subsidiary of a CRE firm; FIT CHECK. No owner name. HELD by build session: fit check before drafting.
21,So Cal Deputy Inspections and Testing,Los Angeles,A,4,Christian Coronel,Founder,,,,https://www.linkedin.com/in/christian-coronel-4a7a1a20a,,linkedin-doc-2026-09-27,new,,,,,,,ICC Master of Special Inspections; founded 2016. Thin footprint. Email unknown.
22,"AllCity Deputy Inspections, Inc.",Torrance,B,3,Julie San Roman,President,,310-781-1030,,https://www.linkedin.com/in/julie-san-roman-ba8aa1108,,linkedin-doc-2026-09-27;competitor-doc-2026-09-15,new,,,,,,,MBE/WBE certified; 24-hour dispatch. Website was down. Email unknown.
23,Los Angeles Deputy Special Inspection,Los Angeles,A,4,,,info@losangelesdeputyspecialinspection.com,424-407-3106,losangelesdeputyspecialinspection.com,,,competitor-doc-2026-09-15,drafted,2026-09-27,2026-10-01,2026-10-06,,,r6734223331722805027,LADBS-focused small/mid projects. Owner name unknown: list builder to find.
24,"Smith-Emery Laboratories, Inc.",Los Angeles,B,2,,,info@smithemery.com,213-749-3411,smithemery.com,,,competitor-doc-2026-09-15,new,,,,,,,Long-established lab; public-sector work. Generic inbox only.
25,"Twining, Inc.",Long Beach,B,1,,,,562-426-3355,twininginc.com,,,competitor-doc-2026-09-15,new,,,,,,,"150+ inspectors, seven labs. Too big for the first wave."
26,Earth Systems Pacific,Pasadena,B,2,,,,626-356-0955,earthsystems.com,,,competitor-doc-2026-09-15,new,,,,,,,Materials testing + special inspection; contact form only.
27,"Koury Engineering & Testing, Inc.",Gardena,B,3,,,info@kouryengineering.com,310-851-8685,kouryengineering.com,,,competitor-doc-2026-09-15,new,,,,,,,Close technical overlap; independent.
28,Converse Consultants,Monrovia,B,2,,,converse@converseconsultants.com,626-930-1200,converseconsultants.com,,,competitor-doc-2026-09-15,new,,,,,,,Multidisciplinary; geotech + SI.
29,"G3 Quality, Inc.",Cerritos,B,2,,,info@g3quality.com,562-321-9840,g3quality.com,,,competitor-doc-2026-09-15,new,,,,,,,Public-works / transportation focus.
30,"MTGL, Inc.",Anaheim,B,3,,,info@mtglinc.com,714-632-2999,mtglinc.com,,,competitor-doc-2026-09-15,new,,,,,,,"100+ employees, three offices. Dispatch inbox exists."
31,AESCO,Huntington Beach,B,3,,,,714-375-3830,aescotech.com,,,competitor-doc-2026-09-15,new,,,,,,,Deputy inspection + lab. Contact form only.
32,"Urban Testing & Inspection, Inc.",Torrance,B,2,,,,310-320-0482,,,,competitor-doc-2026-09-15,new,,,,,,,LADBS testing agency roster. No email found.
33,Southwest Inspection & Testing,La Habra,B,3,,,jacobg@southwesttesting.com,562-941-2990,southwesttesting.com,,,competitor-doc-2026-09-15,new,,,,,,,Email from a municipal record; VERIFY.
34,"Reliant Testing Engineers, Inc.",Santa Ana,B,2,,,,714-556-5867,relianttesting.com,,,competitor-doc-2026-09-15,new,,,,,,,HCAI pre-approved; contact form only.
35,"GMU Geotechnical, Inc.",Rancho Santa Margarita,B,1,,,,949-888-6513,gmugeo.com,,,competitor-doc-2026-09-15,new,,,,,,,Geotech-first; OC.
36,"LGC Geotechnical, Inc.",San Clemente,B,1,,,info@lgcgeotechnical.com,949-369-6141,lgcgeotechnical.com,,,competitor-doc-2026-09-15,new,,,,,,,Geotech-first; OC.
37,Geocon West / Geocon,Burbank,C,0,,,marketing@geoconinc.com,818-841-8388,geoconinc.com,,,competitor-doc-2026-09-15,excluded,,,,,,,"350+ staff, 11 offices. Excluded from outreach."
38,Certerra / RMA Group,Carson,C,0,,,,310-684-4854,certerra.com,,,competitor-doc-2026-09-15,excluded,,,,,,,National platform. Excluded.
39,"Ninyo & Moore, a SOCOTEC Company",Irvine,C,0,,,,949-753-7070,ninyoandmoore.com,,,competitor-doc-2026-09-15,excluded,,,,,,,National. Excluded.
40,"Group Delta, an NV5 Company",Torrance,C,0,,,,,groupdelta.com,,,competitor-doc-2026-09-15,excluded,,,,,,,NV5 company. Excluded.
41,Terracon,Carson,C,0,,,,310-627-3430,terracon.com,,,competitor-doc-2026-09-15,excluded,,,,,,,National. Excluded.
42,Kleinfelder,Cerritos,C,0,,,,,kleinfelder.com,,,competitor-doc-2026-09-15,excluded,,,,,,,National. Excluded.
43,Verdantas (formerly Leighton Consulting),Irvine,C,0,,,proposals@verdantas.com,949-681-4255,verdantas.com,,,competitor-doc-2026-09-15,excluded,,,,,,,National platform. Excluded.
44,WSP USA,Los Angeles,C,0,,,,,wsp.com,,,competitor-doc-2026-09-15,excluded,,,,,,,Global. Excluded.
45,"E2 Consulting Engineers, LP",Los Angeles,C,0,,,info@e2.com,213-471-1343,e2.com,,,competitor-doc-2026-09-15,excluded,,,,,,,Infrastructure CM. Excluded.
